{
  "Nodes": [
    {
      "Name": "CPULittleClusterMaxFreq",
      "Path": "/sys/devices/system/cpu/cpu0/cpufreq/scaling_max_freq",
      "Values": [
        "1900800",
        "1516800",
        "1190400"
      ],
      "DefaultIndex": 0,
      "ResetOnInit": true
    },
    {
      "Name": "CPULittleClusterUpRateLimit",
      "Path": "/sys/devices/system/cpu/cpu0/cpufreq/schedutil/up_rate_limit_us",
      "Values": [
        "500",
        "2000"
      ],
      "ResetOnInit": true
    },
    {
      "Name": "CPULittleClusterDownRateLimit",
      "Path": "/sys/devices/system/cpu/cpu0/cpufreq/schedutil/down_rate_limit_us",
      "Values": [
        "20000",
        "2000"
      ],
      "ResetOnInit": true
    },    
    {
      "Name": "CPULittleClusterMinFreq",
      "Path": "/sys/devices/system/cpu/cpu0/cpufreq/scaling_min_freq",
      "Values": [
        "1900800",
        "1804800",
        "1516800",
        "1190400",
        "940800",
        "691200",
        "300000"
      ],
      "DefaultIndex": 6,
      "ResetOnInit": true
    },
    {
      "Name": "CPUBigClusterMaxFreq",
      "Path": "/sys/devices/system/cpu/cpu4/cpufreq/scaling_max_freq",
      "Values": [
        "2400000",
        "2208000",
        "1766400",
        "1344000"
      ],
      "DefaultIndex": 0,
      "ResetOnInit": true
    },
    {
      "Name": "CPUBigClusterUpRateLimit",
      "Path": "/sys/devices/system/cpu/cpu4/cpufreq/schedutil/up_rate_limit_us",
      "Values": [
        "500",
        "2000"
      ],
      "ResetOnInit": true
    },
    {
      "Name": "CPUBigClusterDownRateLimit",
      "Path": "/sys/devices/system/cpu/cpu4/cpufreq/schedutil/down_rate_limit_us",
      "Values": [
        "10000",
        "2000"
      ],
      "ResetOnInit": true
    },    
    {
      "Name": "CPUBigClusterMinFreq",
      "Path": "/sys/devices/system/cpu/cpu4/cpufreq/scaling_min_freq",
      "Values": [
        "2400000",
        "2208000",
        "1766400",
        "1344000",
        "1056000",
        "806400",
        "300000"
      ],
      "DefaultIndex": 6,
      "ResetOnInit": true
    },
    {
      "Name": "GPUMaxFreq",
      "Path": "/sys/class/kgsl/kgsl-3d0/max_pwrlevel",
      "Values": [
        "0",
        "1",
        "2"
      ],
      "DefaultIndex": 0,
      "ResetOnInit": true
    },
    {
      "Name": "GPUMinFreq",
      "Path": "/sys/class/kgsl/kgsl-3d0/min_pwrlevel",
      "Values": [
        "0",
        "3",
        "4",
        "5"
      ],
      "ResetOnInit": true
    },
    {
      "Name": "GPUBusMinFreq",
      "Path": "/sys/class/devfreq/soc:qcom,gpubw/min_freq",
      "Values": [
        "15960",
        "4173",
        "3440",
        "1525",
        "762",
        "0"
      ],
      "ResetOnInit": true
    },
    {
      "Name": "GPUForceRailOn",
      "Path": "/sys/class/kgsl/kgsl-3d0/force_rail_on",
      "Values": [
        "1",
        "0"
      ],
      "ResetOnInit": true
    },
    {
      "Name": "GPUForceClkOn",
      "Path": "/sys/class/kgsl/kgsl-3d0/force_clk_on",
      "Values": [
        "1",
        "0"
      ],
      "ResetOnInit": true
    },
    {
      "Name": "GPUIdleTimer",
      "Path": "/sys/class/kgsl/kgsl-3d0/idle_timer",
      "Values": [
        "10000",
        "64"
      ],
      "ResetOnInit": true
    },
    {
      "Name": "TASchedtuneBoost",
      "Path": "/dev/stune/top-app/schedtune.boost",
      "Values": [
        "5",
        "1"
      ],
      "ResetOnInit": true
    },
    {
      "Name": "CDSchedtuneBoost",
      "Path": "/dev/stune/camera-daemon/schedtune.boost",
      "Values": [
        "1",
        "0"
      ],
      "ResetOnInit": true
    },
    {
      "Name": "CPUBWHystTriggerCount",
      "Path": "/sys/class/devfreq/soc:qcom,cpu-cpu-ddr-bw/bw_hwmon/hyst_trigger_count",
      "Values": [
        "0",
        "3"
      ],
      "ResetOnInit": true
    },
    {
      "Name": "CPUBWHistMemory",
      "Path": "/sys/class/devfreq/soc:qcom,cpu-cpu-ddr-bw/bw_hwmon/hist_memory",
      "Values": [
        "0",
        "20"
      ],
      "ResetOnInit": true
    },
    {
      "Name": "CPUBWHystLength",
      "Path": "/sys/class/devfreq/soc:qcom,cpu-cpu-ddr-bw/bw_hwmon/hyst_length",
      "Values": [
        "0",
        "10"
      ],
      "ResetOnInit": true
    },
    {
      "Name": "CPUBWSampleMs",
      "Path": "/sys/class/devfreq/soc:qcom,cpu-cpu-ddr-bw/bw_hwmon/sample_ms",
      "Values": [
        "10",
        "4"
      ],
      "ResetOnInit": true
    },
    {
      "Name": "CPUBWIOPercent",
      "Path": "/sys/class/devfreq/soc:qcom,cpu-cpu-ddr-bw/bw_hwmon/io_percent",
      "Values": [
        "80",
        "34"
      ],
      "ResetOnInit": true
    },
    {
      "Name": "CPUBWMinFreq",
      "Path": "/sys/class/devfreq/soc:qcom,cpu-cpu-ddr-bw/min_freq",
      "Values": [
        "15960",
        "11863",
        "7759",
        "5859",
        "4173",
        "1525"
      ],
      "ResetOnInit": true
    },
    {
      "Name": "DDRLittleClusterMinFreq",
      "Path": "/sys/class/devfreq/soc:qcom,cpu0-cpu-ddr-lat/min_freq",
      "Values": [
        "15960",
        "11863",
        "5859",
        "4173",
        "1525"
      ],
      "ResetOnInit": true
    },
    {
      "Name": "DDRBigClusterMinFreq",
      "Path": "/sys/class/devfreq/soc:qcom,cpu4-cpu-ddr-lat/min_freq",
      "Values": [
        "15960",
        "11863",
        "5859",
        "4173",
        "1525"
      ],
      "ResetOnInit": true
    },
    {
      "Name": "PMQoSCpuDmaLatency",
      "Path": "/dev/cpu_dma_latency",
      "Values": [
        "44",
        "100"
      ],
      "DefaultIndex": 1,
      "HoldFd": true
    },
    {
      "Name": "EnergyAware",
      "Path": "/proc/sys/kernel/sched_energy_aware",
      "Values": [
        "0",
        "1"
      ],
      "ResetOnInit": true
    },
    {
      "Name": "PowerHALMainState",
      "Path": "vendor.powerhal.state",
      "Values": [
        "SUSTAINED_PERFORMANCE",
        ""
      ],
      "Type": "Property"
    },
    {
      "Name": "PowerHALAudioState",
      "Path": "vendor.powerhal.audio",
      "Values": [
        "AUDIO_STREAMING_LOW_LATENCY",
        ""
      ],
      "Type": "Property"
    },
    {
      "Name": "PowerHALRenderingState",
      "Path": "vendor.powerhal.rendering",
      "Values": [
        "EXPENSIVE_RENDERING",
        ""
      ],
      "Type": "Property"
    },
    {
      "Name": "DoubleTapToWake",
      "Path": "/proc/tp_gesture",
      "Values": [
        "0",
        "1"
      ],
      "DefaultIndex": 0,
      "ResetOnInit": true
    }
  ],
  "Actions": [
    {
      "PowerHint": "SUSTAINED_PERFORMANCE",
      "Node": "PowerHALMainState",
      "Duration": 0,
      "Value": "SUSTAINED_PERFORMANCE"
    },
    {
      "PowerHint": "SUSTAINED_PERFORMANCE",
      "Node": "CPUBigClusterMaxFreq",
      "Duration": 0,
      "Value": "1344000"
    },
    {
      "PowerHint": "SUSTAINED_PERFORMANCE",
      "Node": "CPULittleClusterMaxFreq",
      "Duration": 0,
      "Value": "1190400"
    },
    {
      "PowerHint": "SUSTAINED_PERFORMANCE",
      "Node": "GPUMaxFreq",
      "Duration": 0,
      "Value": "2"
    },
    {
      "PowerHint": "INTERACTION",
      "Node": "CPULittleClusterMinFreq",
      "Duration": 0,
      "Value": "1516800"
    },
    {
      "PowerHint": "INTERACTION",
      "Node": "CPUBigClusterMinFreq",
      "Duration": 0,
      "Value": "1344000"
    },
    {
      "PowerHint": "INTERACTION",
      "Node": "GPUMinFreq",
      "Duration": 0,
      "Value": "5"
    },
    {
      "PowerHint": "INTERACTION",
      "Node": "TASchedtuneBoost",
      "Duration": 0,
      "Value": "5"
    },
    {
      "PowerHint": "INTERACTION",
      "Node": "CPUBWHystTriggerCount",
      "Duration": 0,
      "Value": "0"
    },
    {
      "PowerHint": "INTERACTION",
      "Node": "CPUBWHystLength",
      "Duration": 0,
      "Value": "0"
    },
    {
      "PowerHint": "INTERACTION",
      "Node": "CPUBWHistMemory",
      "Duration": 0,
      "Value": "0"
    },
    {
      "PowerHint": "INTERACTION",
      "Node": "CPUBWMinFreq",
      "Duration": 0,
      "Value": "7759"
    },
    {
      "PowerHint": "LAUNCH",
      "Node": "EnergyAware",
      "Duration": 2000,
      "Value": "0"
    },
    {
      "PowerHint": "INTERACTIVE",
      "Node": "CPULittleClusterUpRateLimit",
      "Duration": 0,
      "Value": "500"
    },
    {
      "PowerHint": "INTERACTIVE",
      "Node": "CPULittleClusterDownRateLimit",
      "Duration": 0,
      "Value": "20000"
    },
    {
      "PowerHint": "INTERACTIVE",
      "Node": "CPUBigClusterUpRateLimit",
      "Duration": 0,
      "Value": "500"
    },
    {
      "PowerHint": "INTERACTIVE",
      "Node": "CPUBigClusterDownRateLimit",
      "Duration": 0,
      "Value": "10000"
    },    
    {
      "PowerHint": "LAUNCH",
      "Node": "CPUBigClusterMaxFreq",
      "Duration": 2000,
      "Value": "2400000"
    },
    {
      "PowerHint": "LAUNCH",
      "Node": "CPUBigClusterMinFreq",
      "Duration": 2000,
      "Value": "2400000"
    },
    {
      "PowerHint": "LAUNCH",
      "Node": "CPULittleClusterMinFreq",
      "Duration": 2000,
      "Value": "1900800"
    },
    {
      "PowerHint": "LAUNCH",
      "Node": "CPUBWHystTriggerCount",
      "Duration": 2000,
      "Value": "0"
    },
    {
      "PowerHint": "LAUNCH",
      "Node": "CPUBWHystLength",
      "Duration": 2000,
      "Value": "0"
    },
    {
      "PowerHint": "LAUNCH",
      "Node": "CPUBWHistMemory",
      "Duration": 2000,
      "Value": "0"
    },
    {
      "PowerHint": "LAUNCH",
      "Node": "CPUBWMinFreq",
      "Duration": 2000,
      "Value": "11863"
    },
    {
      "PowerHint": "LAUNCH",
      "Node": "GPUForceClkOn",
      "Duration": 2000,
      "Value": "1"
    },
    {
      "PowerHint": "LAUNCH",
      "Node": "GPUForceRailOn",
      "Duration": 2000,
      "Value": "1"
    },
    {
      "PowerHint": "LAUNCH",
      "Node": "GPUIdleTimer",
      "Duration": 2000,
      "Value": "10000"
    },
    {
      "PowerHint": "LAUNCH",
      "Node": "DDRLittleClusterMinFreq",
      "Duration": 2000,
      "Value": "15960"
    },
    {
      "PowerHint": "LAUNCH",
      "Node": "DDRBigClusterMinFreq",
      "Duration": 2000,
      "Value": "15960"
    },
    {
      "PowerHint": "CAMERA_LAUNCH",
      "Node": "EnergyAware",
      "Duration": 1000,
      "Value": "0"
    },
    {
      "PowerHint": "CAMERA_LAUNCH",
      "Node": "CDSchedtuneBoost",
      "Duration": 1000,
      "Value": "1"
    },
    {
      "PowerHint": "CAMERA_LAUNCH",
      "Node": "CPUBigClusterMaxFreq",
      "Duration": 1000,
      "Value": "2400000"
    },
    {
      "PowerHint": "CAMERA_LAUNCH",
      "Node": "CPUBigClusterMinFreq",
      "Duration": 1000,
      "Value": "2400000"
    },
    {
      "PowerHint": "CAMERA_LAUNCH",
      "Node": "CPULittleClusterMaxFreq",
      "Duration": 1000,
      "Value": "1900800"
    },
    {
      "PowerHint": "CAMERA_LAUNCH",
      "Node": "CPULittleClusterMinFreq",
      "Duration": 1000,
      "Value": "1900800"
    },
    {
      "PowerHint": "CAMERA_STREAMING_MID",
      "Node": "CPUBigClusterMaxFreq",
      "Duration": 0,
      "Value": "1766400"
    },
    {
      "PowerHint": "CAMERA_STREAMING_MID",
      "Node": "CPUBWSampleMs",
      "Duration": 0,
      "Value": "10"
    },
    {
      "PowerHint": "CAMERA_STREAMING_MID",
      "Node": "CPUBWIOPercent",
      "Duration": 0,
      "Value": "80"
    },
    {
      "PowerHint": "CAMERA_STREAMING_MID",
      "Node": "CDSchedtuneBoost",
      "Duration": 0,
      "Value": "1"
    },
    {
      "PowerHint": "CAMERA_STREAMING_HIGH",
      "Node": "CPUBigClusterMaxFreq",
      "Duration": 0,
      "Value": "1766400"
    },
    {
      "PowerHint": "CAMERA_STREAMING_HIGH",
      "Node": "CDSchedtuneBoost",
      "Duration": 0,
      "Value": "1"
    },
    {
      "PowerHint": "CAMERA_STREAMING_HIGH",
      "Node": "CPUBWSampleMs",
      "Duration": 0,
      "Value": "10"
    },
    {
      "PowerHint": "CAMERA_STREAMING_HIGH",
      "Node": "CPUBWIOPercent",
      "Duration": 0,
      "Value": "80"
    },
    {
      "PowerHint": "CAMERA_STREAMING_HIGH",
      "Node": "CPUBWHystTriggerCount",
      "Duration": 0,
      "Value": "0"
    },
    {
      "PowerHint": "CAMERA_STREAMING_HIGH",
      "Node": "CPUBWHystLength",
      "Duration": 0,
      "Value": "0"
    },
    {
      "PowerHint": "CAMERA_STREAMING_LOW",
      "Node": "CPUBigClusterMaxFreq",
      "Duration": 0,
      "Value": "1766400"
    },
    {
      "PowerHint": "CAMERA_STREAMING_LOW",
      "Node": "CPUBWSampleMs",
      "Duration": 0,
      "Value": "10"
    },
    {
      "PowerHint": "CAMERA_STREAMING_LOW",
      "Node": "CPUBWIOPercent",
      "Duration": 0,
      "Value": "80"
    },
    {
      "PowerHint": "CAMERA_STREAMING_LOW",
      "Node": "CPUBWHystTriggerCount",
      "Duration": 0,
      "Value": "0"
    },
    {
      "PowerHint": "CAMERA_STREAMING_LOW",
      "Node": "CPUBWHystLength",
      "Duration": 0,
      "Value": "0"
    },
    {
      "PowerHint": "CAMERA_STREAMING_SECURE",
      "Node": "CPUBigClusterMaxFreq",
      "Duration": 0,
      "Value": "1766400"
    },
    {
      "PowerHint": "CAMERA_STREAMING_SECURE",
      "Node": "CPUBWSampleMs",
      "Duration": 0,
      "Value": "10"
    },
    {
      "PowerHint": "CAMERA_STREAMING_SECURE",
      "Node": "CPUBWIOPercent",
      "Duration": 0,
      "Value": "80"
    },
    {
      "PowerHint": "CAMERA_SHOT",
      "Node": "EnergyAware",
      "Duration": 1000,
      "Value": "0"
    },
    {
      "PowerHint": "CAMERA_SHOT",
      "Node": "CPUBigClusterMaxFreq",
      "Duration": 1000,
      "Value": "2400000"
    },
    {
      "PowerHint": "CAMERA_SHOT",
      "Node": "CPUBigClusterMinFreq",
      "Duration": 1000,
      "Value": "2400000"
    },
    {
      "PowerHint": "CAMERA_SHOT",
      "Node": "CPULittleClusterMaxFreq",
      "Duration": 1000,
      "Value": "1900800"
    },
    {
      "PowerHint": "CAMERA_SHOT",
      "Node": "CPULittleClusterMinFreq",
      "Duration": 1000,
      "Value": "1900800"
    },
    {
      "PowerHint": "AUDIO_STREAMING_LOW_LATENCY",
      "Node": "PowerHALAudioState",
      "Duration": 0,
      "Value": "AUDIO_STREAMING_LOW_LATENCY"
    },
    {
      "PowerHint": "EXPENSIVE_RENDERING",
      "Node": "PowerHALRenderingState",
      "Duration": 0,
      "Value": "EXPENSIVE_RENDERING"
    },
    {
      "PowerHint": "EXPENSIVE_RENDERING",
      "Node": "GPUMinFreq",
      "Duration": 0,
      "Value": "0"
    },
    {
      "PowerHint": "EXPENSIVE_RENDERING",
      "Node": "GPUMaxFreq",
      "Duration": 0,
      "Value": "0"
    },
    {
      "PowerHint": "DOUBLE_TAP_TO_WAKE",
      "Node": "DoubleTapToWake",
      "Duration": 0,
      "Value": "1"
    }
  ]
}

