<manifest version="2.0" type="device">
    <hal format="hidl">
        <name>android.hardware.nfc</name>
        <transport>hwbinder</transport>
        <version>1.2</version>
        <interface>
            <name>INfc</name>
            <instance>default</instance>
        </interface>
        <fqname>@1.2::INfc/default</fqname>
    </hal>
    <hal format="hidl">
        <name>android.hardware.secure_element</name>
        <transport>hwbinder</transport>
        <version>1.2</version>
        <interface>
            <name>ISecureElement</name>
            <instance>SIM1</instance>
            <instance>eSE1</instance>
        </interface>
        <fqname>@1.2::ISecureElement/SIM1</fqname>
        <fqname>@1.2::ISecureElement/eSE1</fqname>
    </hal>
    <hal format="hidl">
        <name>vendor.nxp.nxpnfc</name>
        <transport>hwbinder</transport>
        <version>2.0</version>
        <interface>
            <name>INxpNfc</name>
            <instance>default</instance>
        </interface>
        <fqname>@2.0::INxpNfc/default</fqname>
    </hal>
    <hal format="hidl">
        <name>vendor.nxp.nxpnfclegacy</name>
        <transport>hwbinder</transport>
        <version>1.0</version>
        <interface>
            <name>INxpNfcLegacy</name>
            <instance>default</instance>
        </interface>
        <fqname>@1.0::INxpNfcLegacy/default</fqname>
    </hal>
</manifest>
